ORF	ORF_ID	Virulence_HMM_prediction	Virulence_classifier_prediction	Virulence_prediction	Signal_peptide	Virulence_confidence_level	group
1_1	0000000001	pathogenic	pathogenic	pathogenic	N	2: Non-secreted Virulence factor	LM1
2_1	0000000002	negative	negative	non_pathogenic	N	-	LM1
2_2	0000000003	negative	negative	non_pathogenic	N	-	LM1
3_1	0000000004	negative	negative	non_pathogenic	N	-	LM1
3_2	0000000005	negative	negative	non_pathogenic	N	-	LM1
4_1	0000000006	negative	pathogenic	unclassified	N	4: Potential Non-secreted Virulence factor	LM1
4_2	0000000007	negative	negative	non_pathogenic	N	-	LM1
4_3	0000000008	negative	pathogenic	unclassified	N	4: Potential Non-secreted Virulence factor	LM1
4_4	0000000009	negative	pathogenic	unclassified	N	4: Potential Non-secreted Virulence factor	LM1
4_5	0000000010	negative	pathogenic	unclassified	N	4: Potential Non-secreted Virulence factor	LM1
5_1	0000000011	negative	negative	non_pathogenic	N	-	LM1
5_2	0000000012	negative	pathogenic	unclassified	N	4: Potential Non-secreted Virulence factor	LM1
5_3	0000000013	negative	negative	non_pathogenic	N	-	LM1
6_1	0000000014	negative	pathogenic	unclassified	N	4: Potential Non-secreted Virulence factor	LM1
6_2	0000000015	pathogenic	pathogenic	pathogenic	N	2: Non-secreted Virulence factor	LM1
6_3	0000000016	negative	pathogenic	unclassified	N	4: Potential Non-secreted Virulence factor	LM1
6_4	0000000017	negative	pathogenic	unclassified	N	4: Potential Non-secreted Virulence factor	LM1
7_1	0000000018	negative	negative	non_pathogenic	N	-	LM1
7_2	0000000019	negative	negative	non_pathogenic	N	-	LM1
8_1	0000000020	negative	negative	non_pathogenic	N	-	LM1
8_2	0000000021	negative	pathogenic	unclassified	N	4: Potential Non-secreted Virulence factor	LM1
8_3	0000000022	negative	negative	non_pathogenic	N	-	LM1
9_1	0000000023	negative	negative	non_pathogenic	N	-	LM1
10_1	0000000024	negative	pathogenic	unclassified	N	4: Potential Non-secreted Virulence factor	LM1
11_1	0000000025	pathogenic	pathogenic	pathogenic	N	2: Non-secreted Virulence factor	LM1
12_1	0000000026	negative	negative	non_pathogenic	N	-	LM1
12_2	0000000027	negative	negative	non_pathogenic	N	-	LM1
12_3	0000000028	negative	negative	non_pathogenic	N	-	LM1
12_4	0000000029	negative	negative	non_pathogenic	N	-	LM1
13_1	0000000030	negative	negative	non_pathogenic	N	-	LM1
13_2	0000000031	negative	negative	non_pathogenic	N	-	LM1
14_1	0000000032	negative	negative	non_pathogenic	N	-	LM1
14_2	0000000033	negative	pathogenic	unclassified	N	4: Potential Non-secreted Virulence factor	LM1
15_1	0000000034	negative	negative	non_pathogenic	N	-	LM1
16_1	0000000035	pathogenic	pathogenic	pathogenic	N	2: Non-secreted Virulence factor	LM1
17_1	0000000036	negative	pathogenic	unclassified	N	4: Potential Non-secreted Virulence factor	LM1
18_1	0000000037	negative	pathogenic	unclassified	N	4: Potential Non-secreted Virulence factor	LM1
18_2	0000000038	negative	negative	non_pathogenic	N	-	LM1
18_3	0000000039	pathogenic	negative	unclassified	N	4: Potential Non-secreted Virulence factor	LM1
19_1	0000000040	negative	negative	non_pathogenic	N	-	LM1
19_2	0000000041	negative	negative	non_pathogenic	N	-	LM1
20_1	0000000042	negative	negative	non_pathogenic	N	-	LM1
20_2	0000000043	negative	negative	non_pathogenic	N	-	LM1
20_3	0000000044	pathogenic	negative	unclassified	N	4: Potential Non-secreted Virulence factor	LM1
20_4	0000000045	negative	pathogenic	unclassified	N	4: Potential Non-secreted Virulence factor	LM1
21_1	0000000046	negative	pathogenic	unclassified	N	4: Potential Non-secreted Virulence factor	LM1
21_2	0000000047	pathogenic	pathogenic	pathogenic	N	2: Non-secreted Virulence factor	LM1
22_1	0000000048	negative	negative	non_pathogenic	N	-	LM1
23_1	0000000049	pathogenic	pathogenic	pathogenic	N	2: Non-secreted Virulence factor	LM1
23_2	0000000050	negative	pathogenic	unclassified	N	4: Potential Non-secreted Virulence factor	LM1
24_1	0000000051	pathogenic	pathogenic	pathogenic	N	2: Non-secreted Virulence factor	LM1
24_2	0000000052	negative	pathogenic	unclassified	N	4: Potential Non-secreted Virulence factor	LM1
24_3	0000000053	negative	negative	non_pathogenic	N	-	LM1
24_4	0000000054	negative	negative	non_pathogenic	N	-	LM1
25_1	0000000055	negative	pathogenic	unclassified	N	4: Potential Non-secreted Virulence factor	LM1
26_1	0000000056	negative	negative	non_pathogenic	N	-	LM1
26_2	0000000057	negative	negative	non_pathogenic	N	-	LM1
26_3	0000000058	negative	negative	non_pathogenic	N	-	LM1
27_1	0000000059	negative	negative	non_pathogenic	N	-	LM1
27_2	0000000060	negative	negative	non_pathogenic	N	-	LM1
27_3	0000000061	negative	pathogenic	unclassified	N	4: Potential Non-secreted Virulence factor	LM1
28_1	0000000062	negative	negative	non_pathogenic	N	-	LM1
29_1	0000000063	negative	negative	non_pathogenic	N	-	LM1
29_2	0000000064	negative	negative	non_pathogenic	N	-	LM1
30_1	0000000065	negative	pathogenic	unclassified	N	4: Potential Non-secreted Virulence factor	LM1
31_1	0000000066	negative	negative	non_pathogenic	N	-	LM1
31_2	0000000067	pathogenic	pathogenic	pathogenic	N	2: Non-secreted Virulence factor	LM1
31_3	0000000068	negative	negative	non_pathogenic	N	-	LM1
32_1	0000000069	pathogenic	pathogenic	pathogenic	N	2: Non-secreted Virulence factor	LM1
32_2	0000000070	negative	negative	non_pathogenic	N	-	LM1
32_3	0000000071	pathogenic	negative	unclassified	N	4: Potential Non-secreted Virulence factor	LM1
33_1	0000000072	negative	negative	non_pathogenic	N	-	LM1
33_2	0000000073	negative	pathogenic	unclassified	N	4: Potential Non-secreted Virulence factor	LM1
34_1	0000000074	pathogenic	pathogenic	pathogenic	N	2: Non-secreted Virulence factor	LM1
35_1	0000000075	pathogenic	negative	unclassified	N	4: Potential Non-secreted Virulence factor	LM1
35_2	0000000076	negative	negative	non_pathogenic	N	-	LM1
36_1	0000000077	negative	pathogenic	unclassified	N	4: Potential Non-secreted Virulence factor	LM1
36_2	0000000078	negative	negative	non_pathogenic	N	-	LM1
37_1	0000000079	negative	pathogenic	unclassified	N	4: Potential Non-secreted Virulence factor	LM1
39_1	0000000080	pathogenic	pathogenic	pathogenic	N	2: Non-secreted Virulence factor	LM1
39_2	0000000081	pathogenic	negative	unclassified	N	4: Potential Non-secreted Virulence factor	LM1
40_1	0000000082	negative	pathogenic	unclassified	N	4: Potential Non-secreted Virulence factor	LM1
41_1	0000000083	negative	negative	non_pathogenic	N	-	LM1
42_1	0000000084	negative	negative	non_pathogenic	N	-	LM1
42_2	0000000085	negative	negative	non_pathogenic	N	-	LM1
43_1	0000000086	negative	negative	non_pathogenic	N	-	LM1
43_2	0000000087	pathogenic	negative	unclassified	N	4: Potential Non-secreted Virulence factor	LM1
43_3	0000000088	negative	negative	non_pathogenic	N	-	LM1
44_1	0000000089	negative	negative	non_pathogenic	N	-	LM1
44_2	0000000090	negative	negative	non_pathogenic	N	-	LM1
45_1	0000000091	pathogenic	negative	unclassified	N	4: Potential Non-secreted Virulence factor	LM1
46_1	0000000092	negative	pathogenic	unclassified	N	4: Potential Non-secreted Virulence factor	LM1
46_2	0000000093	negative	negative	non_pathogenic	N	-	LM1
47_1	0000000094	negative	pathogenic	unclassified	N	4: Potential Non-secreted Virulence factor	LM1
49_1	0000000095	negative	negative	non_pathogenic	N	-	LM1
50_1	0000000096	negative	pathogenic	unclassified	N	4: Potential Non-secreted Virulence factor	LM1
50_2	0000000097	negative	pathogenic	unclassified	N	4: Potential Non-secreted Virulence factor	LM1
50_3	0000000098	negative	pathogenic	unclassified	N	4: Potential Non-secreted Virulence factor	LM1
51_1	0000000099	pathogenic	pathogenic	pathogenic	N	2: Non-secreted Virulence factor	LM1
51_2	0000000100	negative	negative	non_pathogenic	N	-	LM1
51_3	0000000101	negative	negative	non_pathogenic	N	-	LM1
51_4	0000000102	negative	pathogenic	unclassified	Y	3: Potential Secreted Virulence factor	LM1
52_1	0000000103	negative	pathogenic	unclassified	N	4: Potential Non-secreted Virulence factor	LM1
52_2	0000000104	negative	negative	non_pathogenic	N	-	LM1
53_1	0000000105	negative	pathogenic	unclassified	N	4: Potential Non-secreted Virulence factor	LM1
54_1	0000000106	negative	pathogenic	unclassified	N	4: Potential Non-secreted Virulence factor	LM1
55_1	0000000107	negative	pathogenic	unclassified	N	4: Potential Non-secreted Virulence factor	LM1
55_2	0000000108	negative	pathogenic	unclassified	N	4: Potential Non-secreted Virulence factor	LM1
56_1	0000000109	negative	pathogenic	unclassified	N	4: Potential Non-secreted Virulence factor	LM1
56_2	0000000110	negative	negative	non_pathogenic	N	-	LM1
57_1	0000000111	negative	negative	non_pathogenic	N	-	LM1
57_2	0000000112	negative	pathogenic	unclassified	N	4: Potential Non-secreted Virulence factor	LM1
58_1	0000000113	pathogenic	pathogenic	pathogenic	N	2: Non-secreted Virulence factor	LM1
60_1	0000000114	negative	negative	non_pathogenic	N	-	LM1
61_1	0000000115	negative	negative	non_pathogenic	N	-	LM1
61_2	0000000116	negative	negative	non_pathogenic	N	-	LM1
62_1	0000000117	negative	negative	non_pathogenic	N	-	LM1
63_1	0000000118	pathogenic	pathogenic	pathogenic	N	2: Non-secreted Virulence factor	LM1
64_1	0000000119	negative	negative	non_pathogenic	N	-	LM1
64_2	0000000120	negative	negative	non_pathogenic	N	-	LM1
65_1	0000000121	negative	negative	non_pathogenic	N	-	LM1
66_1	0000000122	negative	pathogenic	unclassified	N	4: Potential Non-secreted Virulence factor	LM1
67_1	0000000123	negative	pathogenic	unclassified	N	4: Potential Non-secreted Virulence factor	LM1
67_2	0000000124	negative	negative	non_pathogenic	N	-	LM1
68_1	0000000125	negative	negative	non_pathogenic	N	-	LM1
68_2	0000000126	negative	negative	non_pathogenic	N	-	LM1
68_3	0000000127	negative	negative	non_pathogenic	N	-	LM1
69_1	0000000128	negative	pathogenic	unclassified	N	4: Potential Non-secreted Virulence factor	LM1
70_1	0000000129	pathogenic	negative	unclassified	N	4: Potential Non-secreted Virulence factor	LM1
70_2	0000000130	negative	negative	non_pathogenic	N	-	LM1
70_3	0000000131	negative	pathogenic	unclassified	N	4: Potential Non-secreted Virulence factor	LM1
70_4	0000000132	negative	pathogenic	unclassified	N	4: Potential Non-secreted Virulence factor	LM1
70_5	0000000133	negative	negative	non_pathogenic	N	-	LM1
70_6	0000000134	negative	negative	non_pathogenic	N	-	LM1
71_1	0000000135	pathogenic	negative	unclassified	N	4: Potential Non-secreted Virulence factor	LM1
72_1	0000000136	negative	negative	non_pathogenic	N	-	LM1
72_2	0000000137	pathogenic	pathogenic	pathogenic	N	2: Non-secreted Virulence factor	LM1
72_3	0000000138	pathogenic	pathogenic	pathogenic	N	2: Non-secreted Virulence factor	LM1
73_1	0000000139	negative	negative	non_pathogenic	N	-	LM1
74_1	0000000140	negative	negative	non_pathogenic	Y	-	LM1
74_2	0000000141	negative	pathogenic	unclassified	N	4: Potential Non-secreted Virulence factor	LM1
74_3	0000000142	negative	negative	non_pathogenic	N	-	LM1
75_1	0000000143	negative	negative	non_pathogenic	N	-	LM1
75_2	0000000144	negative	pathogenic	unclassified	N	4: Potential Non-secreted Virulence factor	LM1
75_3	0000000145	negative	negative	non_pathogenic	N	-	LM1
76_1	0000000146	pathogenic	negative	unclassified	N	4: Potential Non-secreted Virulence factor	LM1
77_1	0000000147	negative	negative	non_pathogenic	N	-	LM1
78_1	0000000148	negative	negative	non_pathogenic	N	-	LM1
78_2	0000000149	pathogenic	pathogenic	pathogenic	N	2: Non-secreted Virulence factor	LM1
79_1	0000000150	negative	negative	non_pathogenic	N	-	LM1
79_2	0000000151	negative	negative	non_pathogenic	N	-	LM1
79_3	0000000152	negative	negative	non_pathogenic	N	-	LM1
79_4	0000000153	negative	pathogenic	unclassified	N	4: Potential Non-secreted Virulence factor	LM1
80_1	0000000154	negative	negative	non_pathogenic	N	-	LM1
81_1	0000000155	negative	negative	non_pathogenic	N	-	LM1
82_1	0000000156	negative	pathogenic	unclassified	N	4: Potential Non-secreted Virulence factor	LM1
82_2	0000000157	negative	negative	non_pathogenic	N	-	LM1
83_1	0000000158	negative	negative	non_pathogenic	N	-	LM1
83_2	0000000159	negative	pathogenic	unclassified	N	4: Potential Non-secreted Virulence factor	LM1
84_1	0000000160	pathogenic	pathogenic	pathogenic	N	2: Non-secreted Virulence factor	LM1
84_2	0000000161	negative	pathogenic	unclassified	N	4: Potential Non-secreted Virulence factor	LM1
85_1	0000000162	negative	negative	non_pathogenic	N	-	LM1
86_1	0000000163	pathogenic	pathogenic	pathogenic	N	2: Non-secreted Virulence factor	LM1
86_2	0000000164	negative	negative	non_pathogenic	N	-	LM1
87_1	0000000165	negative	negative	non_pathogenic	N	-	LM1
87_2	0000000166	negative	negative	non_pathogenic	N	-	LM1
88_1	0000000167	pathogenic	pathogenic	pathogenic	N	2: Non-secreted Virulence factor	LM1
89_1	0000000168	negative	pathogenic	unclassified	N	4: Potential Non-secreted Virulence factor	LM1
90_1	0000000169	negative	negative	non_pathogenic	N	-	LM1
90_2	0000000170	pathogenic	negative	unclassified	N	4: Potential Non-secreted Virulence factor	LM1
90_3	0000000171	negative	negative	non_pathogenic	N	-	LM1
91_1	0000000172	negative	pathogenic	unclassified	N	4: Potential Non-secreted Virulence factor	LM1
91_2	0000000173	negative	pathogenic	unclassified	N	4: Potential Non-secreted Virulence factor	LM1
92_1	0000000174	negative	negative	non_pathogenic	N	-	LM1
92_2	0000000175	negative	pathogenic	unclassified	N	4: Potential Non-secreted Virulence factor	LM1
92_3	0000000176	negative	negative	non_pathogenic	N	-	LM1
92_4	0000000177	negative	pathogenic	unclassified	N	4: Potential Non-secreted Virulence factor	LM1
93_1	0000000178	negative	negative	non_pathogenic	N	-	LM1
93_2	0000000179	negative	pathogenic	unclassified	N	4: Potential Non-secreted Virulence factor	LM1
93_3	0000000180	negative	negative	non_pathogenic	N	-	LM1
94_1	0000000181	negative	negative	non_pathogenic	N	-	LM1
94_2	0000000182	negative	negative	non_pathogenic	N	-	LM1
94_3	0000000183	negative	pathogenic	unclassified	N	4: Potential Non-secreted Virulence factor	LM1
95_1	0000000184	negative	negative	non_pathogenic	N	-	LM1
95_2	0000000185	negative	negative	non_pathogenic	N	-	LM1
96_1	0000000186	negative	negative	non_pathogenic	N	-	LM1
97_1	0000000187	negative	pathogenic	unclassified	N	4: Potential Non-secreted Virulence factor	LM1
98_1	0000000188	negative	negative	non_pathogenic	N	-	LM1
98_2	0000000189	negative	pathogenic	unclassified	N	4: Potential Non-secreted Virulence factor	LM1
99_1	0000000190	pathogenic	pathogenic	pathogenic	N	2: Non-secreted Virulence factor	LM1
100_1	0000000191	negative	pathogenic	unclassified	N	4: Potential Non-secreted Virulence factor	LM1
101_1	0000000192	negative	pathogenic	unclassified	N	4: Potential Non-secreted Virulence factor	LM1
102_1	0000000193	negative	pathogenic	unclassified	N	4: Potential Non-secreted Virulence factor	LM1
103_1	0000000194	negative	negative	non_pathogenic	N	-	LM1
104_1	0000000195	negative	pathogenic	unclassified	N	4: Potential Non-secreted Virulence factor	LM1
104_2	0000000196	negative	pathogenic	unclassified	N	4: Potential Non-secreted Virulence factor	LM1
105_1	0000000197	negative	pathogenic	unclassified	N	4: Potential Non-secreted Virulence factor	LM1
105_2	0000000198	negative	pathogenic	unclassified	N	4: Potential Non-secreted Virulence factor	LM1
106_1	0000000199	pathogenic	negative	unclassified	N	4: Potential Non-secreted Virulence factor	LM1
107_1	0000000200	negative	pathogenic	unclassified	N	4: Potential Non-secreted Virulence factor	LM1
107_2	0000000201	negative	pathogenic	unclassified	N	4: Potential Non-secreted Virulence factor	LM1
108_1	0000000202	negative	negative	non_pathogenic	N	-	LM1
108_2	0000000203	negative	pathogenic	unclassified	N	4: Potential Non-secreted Virulence factor	LM1
108_3	0000000204	negative	negative	non_pathogenic	N	-	LM1
109_1	0000000205	pathogenic	pathogenic	pathogenic	N	2: Non-secreted Virulence factor	LM1
110_1	0000000206	negative	negative	non_pathogenic	N	-	LM1
110_2	0000000207	negative	negative	non_pathogenic	N	-	LM1
111_1	0000000208	negative	negative	non_pathogenic	N	-	LM1
111_2	0000000209	pathogenic	pathogenic	pathogenic	N	2: Non-secreted Virulence factor	LM1
111_3	0000000210	negative	pathogenic	unclassified	N	4: Potential Non-secreted Virulence factor	LM1
112_1	0000000211	pathogenic	pathogenic	pathogenic	N	2: Non-secreted Virulence factor	LM1
112_2	0000000212	negative	negative	non_pathogenic	N	-	LM1
113_1	0000000213	pathogenic	pathogenic	pathogenic	N	2: Non-secreted Virulence factor	LM1
113_2	0000000214	negative	negative	non_pathogenic	N	-	LM1
113_3	0000000215	negative	negative	non_pathogenic	N	-	LM1
113_4	0000000216	negative	pathogenic	unclassified	N	4: Potential Non-secreted Virulence factor	LM1
114_1	0000000217	negative	negative	non_pathogenic	N	-	LM1
114_2	0000000218	negative	negative	non_pathogenic	N	-	LM1
114_3	0000000219	negative	negative	non_pathogenic	N	-	LM1
114_4	0000000220	negative	pathogenic	unclassified	N	4: Potential Non-secreted Virulence factor	LM1
115_1	0000000221	negative	pathogenic	unclassified	N	4: Potential Non-secreted Virulence factor	LM1
115_2	0000000222	negative	pathogenic	unclassified	N	4: Potential Non-secreted Virulence factor	LM1
115_3	0000000223	negative	pathogenic	unclassified	N	4: Potential Non-secreted Virulence factor	LM1
115_4	0000000224	negative	negative	non_pathogenic	N	-	LM1
116_1	0000000225	negative	negative	non_pathogenic	N	-	LM1
116_2	0000000226	negative	negative	non_pathogenic	N	-	LM1
116_3	0000000227	negative	negative	non_pathogenic	N	-	LM1
117_1	0000000228	negative	negative	non_pathogenic	N	-	LM1
118_1	0000000229	negative	negative	non_pathogenic	N	-	LM1
118_2	0000000230	negative	negative	non_pathogenic	N	-	LM1
118_3	0000000231	negative	negative	non_pathogenic	N	-	LM1
119_1	0000000232	negative	negative	non_pathogenic	N	-	LM1
119_2	0000000233	negative	pathogenic	unclassified	N	4: Potential Non-secreted Virulence factor	LM1
120_1	0000000234	negative	negative	non_pathogenic	N	-	LM1
120_2	0000000235	negative	pathogenic	unclassified	N	4: Potential Non-secreted Virulence factor	LM1
120_3	0000000236	negative	negative	non_pathogenic	N	-	LM1
121_1	0000000237	negative	negative	non_pathogenic	N	-	LM1
121_2	0000000238	negative	negative	non_pathogenic	N	-	LM1
121_3	0000000239	negative	negative	non_pathogenic	N	-	LM1
122_1	0000000240	negative	negative	non_pathogenic	N	-	LM1
122_2	0000000241	negative	pathogenic	unclassified	N	4: Potential Non-secreted Virulence factor	LM1
123_1	0000000242	pathogenic	pathogenic	pathogenic	N	2: Non-secreted Virulence factor	LM1
124_1	0000000243	negative	pathogenic	unclassified	N	4: Potential Non-secreted Virulence factor	LM1
124_2	0000000244	negative	negative	non_pathogenic	N	-	LM1
125_1	0000000245	pathogenic	negative	unclassified	N	4: Potential Non-secreted Virulence factor	LM1
126_1	0000000246	negative	pathogenic	unclassified	N	4: Potential Non-secreted Virulence factor	LM1
126_2	0000000247	negative	negative	non_pathogenic	N	-	LM1
127_1	0000000248	negative	negative	non_pathogenic	N	-	LM1
128_1	0000000249	pathogenic	negative	unclassified	N	4: Potential Non-secreted Virulence factor	LM1
129_1	0000000250	negative	negative	non_pathogenic	N	-	LM1
129_2	0000000251	negative	negative	non_pathogenic	N	-	LM1
130_1	0000000252	pathogenic	negative	unclassified	N	4: Potential Non-secreted Virulence factor	LM1
130_2	0000000253	negative	negative	non_pathogenic	N	-	LM1
131_1	0000000254	pathogenic	pathogenic	pathogenic	N	2: Non-secreted Virulence factor	LM1
131_2	0000000255	negative	negative	non_pathogenic	N	-	LM1
132_1	0000000256	negative	negative	non_pathogenic	N	-	LM1
132_2	0000000257	pathogenic	negative	unclassified	N	4: Potential Non-secreted Virulence factor	LM1
133_1	0000000258	negative	negative	non_pathogenic	N	-	LM1
133_2	0000000259	negative	negative	non_pathogenic	N	-	LM1
134_1	0000000260	pathogenic	negative	unclassified	N	4: Potential Non-secreted Virulence factor	LM1
134_2	0000000261	negative	pathogenic	unclassified	N	4: Potential Non-secreted Virulence factor	LM1
135_1	0000000262	negative	pathogenic	unclassified	N	4: Potential Non-secreted Virulence factor	LM1
135_2	0000000263	pathogenic	negative	unclassified	N	4: Potential Non-secreted Virulence factor	LM1
136_1	0000000264	negative	negative	non_pathogenic	N	-	LM1
136_2	0000000265	negative	pathogenic	unclassified	N	4: Potential Non-secreted Virulence factor	LM1
136_3	0000000266	negative	negative	non_pathogenic	N	-	LM1
137_1	0000000267	pathogenic	negative	unclassified	N	4: Potential Non-secreted Virulence factor	LM1
138_1	0000000268	negative	pathogenic	unclassified	N	4: Potential Non-secreted Virulence factor	LM1
138_2	0000000269	pathogenic	negative	unclassified	N	4: Potential Non-secreted Virulence factor	LM1
139_1	0000000270	pathogenic	negative	unclassified	N	4: Potential Non-secreted Virulence factor	LM1
139_2	0000000271	negative	negative	non_pathogenic	N	-	LM1
140_1	0000000272	negative	negative	non_pathogenic	N	-	LM1
141_1	0000000273	negative	negative	non_pathogenic	N	-	LM1
141_2	0000000274	pathogenic	pathogenic	pathogenic	N	2: Non-secreted Virulence factor	LM1
141_3	0000000275	pathogenic	negative	unclassified	N	4: Potential Non-secreted Virulence factor	LM1
142_1	0000000276	negative	pathogenic	unclassified	N	4: Potential Non-secreted Virulence factor	LM1
142_2	0000000277	negative	pathogenic	unclassified	N	4: Potential Non-secreted Virulence factor	LM1
144_1	0000000278	pathogenic	negative	unclassified	N	4: Potential Non-secreted Virulence factor	LM1
144_2	0000000279	negative	negative	non_pathogenic	N	-	LM1
145_1	0000000280	negative	pathogenic	unclassified	N	4: Potential Non-secreted Virulence factor	LM1
145_2	0000000281	negative	negative	non_pathogenic	N	-	LM1
146_1	0000000282	negative	negative	non_pathogenic	N	-	LM1
148_1	0000000283	negative	pathogenic	unclassified	N	4: Potential Non-secreted Virulence factor	LM1
148_2	0000000284	negative	negative	non_pathogenic	N	-	LM1
148_3	0000000285	negative	negative	non_pathogenic	N	-	LM1
148_4	0000000286	pathogenic	pathogenic	pathogenic	N	2: Non-secreted Virulence factor	LM1
148_5	0000000287	negative	negative	non_pathogenic	N	-	LM1
149_1	0000000288	negative	negative	non_pathogenic	N	-	LM1
149_2	0000000289	pathogenic	pathogenic	pathogenic	N	2: Non-secreted Virulence factor	LM1
149_3	0000000290	pathogenic	pathogenic	pathogenic	N	2: Non-secreted Virulence factor	LM1
150_1	0000000291	negative	pathogenic	unclassified	N	4: Potential Non-secreted Virulence factor	LM1
150_2	0000000292	pathogenic	negative	unclassified	N	4: Potential Non-secreted Virulence factor	LM1
151_1	0000000293	negative	pathogenic	unclassified	N	4: Potential Non-secreted Virulence factor	LM1
151_2	0000000294	negative	negative	non_pathogenic	N	-	LM1
151_3	0000000295	pathogenic	pathogenic	pathogenic	N	2: Non-secreted Virulence factor	LM1
152_1	0000000296	negative	pathogenic	unclassified	N	4: Potential Non-secreted Virulence factor	LM1
153_1	0000000297	negative	pathogenic	unclassified	N	4: Potential Non-secreted Virulence factor	LM1
154_1	0000000298	negative	negative	non_pathogenic	N	-	LM1
154_2	0000000299	negative	pathogenic	unclassified	N	4: Potential Non-secreted Virulence factor	LM1
155_1	0000000300	negative	pathogenic	unclassified	N	4: Potential Non-secreted Virulence factor	LM1
155_2	0000000301	negative	negative	non_pathogenic	N	-	LM1
156_1	0000000302	negative	pathogenic	unclassified	N	4: Potential Non-secreted Virulence factor	LM1
157_1	0000000303	pathogenic	negative	unclassified	N	4: Potential Non-secreted Virulence factor	LM1
157_2	0000000304	pathogenic	pathogenic	pathogenic	N	2: Non-secreted Virulence factor	LM1
158_1	0000000305	negative	pathogenic	unclassified	N	4: Potential Non-secreted Virulence factor	LM1
159_1	0000000306	pathogenic	pathogenic	pathogenic	N	2: Non-secreted Virulence factor	LM1
159_2	0000000307	negative	pathogenic	unclassified	N	4: Potential Non-secreted Virulence factor	LM1
160_1	0000000308	negative	negative	non_pathogenic	N	-	LM1
160_2	0000000309	pathogenic	negative	unclassified	N	4: Potential Non-secreted Virulence factor	LM1
161_1	0000000310	negative	negative	non_pathogenic	N	-	LM1
161_2	0000000311	pathogenic	pathogenic	pathogenic	N	2: Non-secreted Virulence factor	LM1
161_3	0000000312	negative	negative	non_pathogenic	N	-	LM1
162_1	0000000313	negative	negative	non_pathogenic	N	-	LM1
163_1	0000000314	pathogenic	negative	unclassified	N	4: Potential Non-secreted Virulence factor	LM1
164_1	0000000315	negative	pathogenic	unclassified	N	4: Potential Non-secreted Virulence factor	LM1
164_2	0000000316	negative	pathogenic	unclassified	N	4: Potential Non-secreted Virulence factor	LM1
165_1	0000000317	pathogenic	pathogenic	pathogenic	N	2: Non-secreted Virulence factor	LM1
165_2	0000000318	negative	negative	non_pathogenic	N	-	LM1
165_3	0000000319	negative	pathogenic	unclassified	N	4: Potential Non-secreted Virulence factor	LM1
166_1	0000000320	negative	pathogenic	unclassified	N	4: Potential Non-secreted Virulence factor	LM1
166_2	0000000321	negative	pathogenic	unclassified	N	4: Potential Non-secreted Virulence factor	LM1
167_1	0000000322	pathogenic	pathogenic	pathogenic	N	2: Non-secreted Virulence factor	LM1
167_2	0000000323	pathogenic	pathogenic	pathogenic	N	2: Non-secreted Virulence factor	LM1
168_1	0000000324	negative	pathogenic	unclassified	N	4: Potential Non-secreted Virulence factor	LM1
168_2	0000000325	pathogenic	negative	unclassified	N	4: Potential Non-secreted Virulence factor	LM1
169_1	0000000326	negative	negative	non_pathogenic	N	-	LM1
169_2	0000000327	negative	negative	non_pathogenic	N	-	LM1
169_3	0000000328	negative	negative	non_pathogenic	N	-	LM1
169_4	0000000329	negative	pathogenic	unclassified	N	4: Potential Non-secreted Virulence factor	LM1
170_1	0000000330	negative	pathogenic	unclassified	N	4: Potential Non-secreted Virulence factor	LM1
170_2	0000000331	pathogenic	pathogenic	pathogenic	N	2: Non-secreted Virulence factor	LM1
170_3	0000000332	negative	negative	non_pathogenic	N	-	LM1
170_4	0000000333	pathogenic	negative	unclassified	N	4: Potential Non-secreted Virulence factor	LM1
170_5	0000000334	negative	negative	non_pathogenic	N	-	LM1
170_6	0000000335	pathogenic	pathogenic	pathogenic	N	2: Non-secreted Virulence factor	LM1
171_1	0000000336	negative	negative	non_pathogenic	N	-	LM1
171_2	0000000337	negative	pathogenic	unclassified	N	4: Potential Non-secreted Virulence factor	LM1
171_3	0000000338	negative	negative	non_pathogenic	N	-	LM1
172_1	0000000339	pathogenic	pathogenic	pathogenic	N	2: Non-secreted Virulence factor	LM1
172_2	0000000340	negative	negative	non_pathogenic	N	-	LM1
172_3	0000000341	negative	negative	non_pathogenic	N	-	LM1
173_1	0000000342	pathogenic	negative	unclassified	N	4: Potential Non-secreted Virulence factor	LM1
173_2	0000000343	negative	negative	non_pathogenic	N	-	LM1
173_3	0000000344	negative	negative	non_pathogenic	N	-	LM1
174_1	0000000345	negative	negative	non_pathogenic	N	-	LM1
174_2	0000000346	negative	pathogenic	unclassified	N	4: Potential Non-secreted Virulence factor	LM1
175_1	0000000347	negative	negative	non_pathogenic	N	-	LM1
175_2	0000000348	negative	pathogenic	unclassified	N	4: Potential Non-secreted Virulence factor	LM1
176_1	0000000349	negative	pathogenic	unclassified	N	4: Potential Non-secreted Virulence factor	LM1
176_2	0000000350	negative	pathogenic	unclassified	N	4: Potential Non-secreted Virulence factor	LM1
177_1	0000000351	negative	negative	non_pathogenic	N	-	LM1
177_2	0000000352	negative	pathogenic	unclassified	N	4: Potential Non-secreted Virulence factor	LM1
178_1	0000000353	negative	pathogenic	unclassified	N	4: Potential Non-secreted Virulence factor	LM1
178_2	0000000354	negative	pathogenic	unclassified	N	4: Potential Non-secreted Virulence factor	LM1
179_1	0000000355	negative	pathogenic	unclassified	N	4: Potential Non-secreted Virulence factor	LM1
179_2	0000000356	pathogenic	negative	unclassified	N	4: Potential Non-secreted Virulence factor	LM1
179_3	0000000357	pathogenic	negative	unclassified	N	4: Potential Non-secreted Virulence factor	LM1
179_4	0000000358	negative	negative	non_pathogenic	N	-	LM1
180_1	0000000359	negative	negative	non_pathogenic	Y	-	LM1
181_1	0000000360	negative	pathogenic	unclassified	N	4: Potential Non-secreted Virulence factor	LM1
182_1	0000000361	negative	negative	non_pathogenic	N	-	LM1
183_1	0000000362	negative	negative	non_pathogenic	N	-	LM1
183_2	0000000363	pathogenic	pathogenic	pathogenic	N	2: Non-secreted Virulence factor	LM1
184_1	0000000364	negative	negative	non_pathogenic	Y	-	LM1
184_2	0000000365	negative	negative	non_pathogenic	N	-	LM1
185_1	0000000366	negative	pathogenic	unclassified	N	4: Potential Non-secreted Virulence factor	LM1
185_2	0000000367	negative	negative	non_pathogenic	N	-	LM1
187_1	0000000368	negative	negative	non_pathogenic	N	-	LM1
188_1	0000000369	negative	negative	non_pathogenic	N	-	LM1
188_2	0000000370	negative	negative	non_pathogenic	N	-	LM1
189_1	0000000371	pathogenic	negative	unclassified	N	4: Potential Non-secreted Virulence factor	LM1
189_2	0000000372	negative	negative	non_pathogenic	N	-	LM1
190_1	0000000373	negative	pathogenic	unclassified	N	4: Potential Non-secreted Virulence factor	LM1
190_2	0000000374	negative	negative	non_pathogenic	N	-	LM1
191_1	0000000375	negative	negative	non_pathogenic	N	-	LM1
192_1	0000000376	pathogenic	negative	unclassified	N	4: Potential Non-secreted Virulence factor	LM1
193_1	0000000377	negative	negative	non_pathogenic	N	-	LM1
193_2	0000000378	negative	pathogenic	unclassified	N	4: Potential Non-secreted Virulence factor	LM1
193_3	0000000379	negative	pathogenic	unclassified	N	4: Potential Non-secreted Virulence factor	LM1
194_1	0000000380	negative	negative	non_pathogenic	N	-	LM1
195_1	0000000381	negative	pathogenic	unclassified	N	4: Potential Non-secreted Virulence factor	LM1
196_1	0000000382	negative	negative	non_pathogenic	N	-	LM1
196_2	0000000383	negative	negative	non_pathogenic	N	-	LM1
196_3	0000000384	negative	pathogenic	unclassified	N	4: Potential Non-secreted Virulence factor	LM1
197_1	0000000385	negative	pathogenic	unclassified	N	4: Potential Non-secreted Virulence factor	LM1
198_1	0000000386	negative	pathogenic	unclassified	N	4: Potential Non-secreted Virulence factor	LM1
198_2	0000000387	pathogenic	negative	unclassified	N	4: Potential Non-secreted Virulence factor	LM1
199_1	0000000388	negative	pathogenic	unclassified	N	4: Potential Non-secreted Virulence factor	LM1
200_1	0000000389	negative	negative	non_pathogenic	N	-	LM1
200_2	0000000390	pathogenic	pathogenic	pathogenic	N	2: Non-secreted Virulence factor	LM1
200_3	0000000391	negative	negative	non_pathogenic	N	-	LM1
201_1	0000000392	pathogenic	negative	unclassified	N	4: Potential Non-secreted Virulence factor	LM1
201_2	0000000393	negative	negative	non_pathogenic	N	-	LM1
201_3	0000000394	negative	negative	non_pathogenic	N	-	LM1
202_1	0000000395	negative	negative	non_pathogenic	N	-	LM1
202_2	0000000396	negative	pathogenic	unclassified	N	4: Potential Non-secreted Virulence factor	LM1
203_1	0000000397	negative	pathogenic	unclassified	N	4: Potential Non-secreted Virulence factor	LM1
204_1	0000000398	negative	pathogenic	unclassified	N	4: Potential Non-secreted Virulence factor	LM1
205_1	0000000399	negative	negative	non_pathogenic	N	-	LM1
205_2	0000000400	negative	pathogenic	unclassified	N	4: Potential Non-secreted Virulence factor	LM1
206_1	0000000401	negative	pathogenic	unclassified	N	4: Potential Non-secreted Virulence factor	LM1
206_2	0000000402	negative	negative	non_pathogenic	N	-	LM1
207_1	0000000403	negative	negative	non_pathogenic	N	-	LM1
207_2	0000000404	negative	negative	non_pathogenic	N	-	LM1
208_1	0000000405	negative	negative	non_pathogenic	N	-	LM1
208_2	0000000406	negative	negative	non_pathogenic	N	-	LM1
209_1	0000000407	negative	negative	non_pathogenic	N	-	LM1
210_1	0000000408	pathogenic	negative	unclassified	N	4: Potential Non-secreted Virulence factor	LM1
211_1	0000000409	negative	pathogenic	unclassified	N	4: Potential Non-secreted Virulence factor	LM1
211_2	0000000410	negative	negative	non_pathogenic	N	-	LM1
212_1	0000000411	pathogenic	negative	unclassified	N	4: Potential Non-secreted Virulence factor	LM1
213_1	0000000412	negative	pathogenic	unclassified	N	4: Potential Non-secreted Virulence factor	LM1
214_1	0000000413	negative	pathogenic	unclassified	N	4: Potential Non-secreted Virulence factor	LM1
214_2	0000000414	negative	negative	non_pathogenic	N	-	LM1
214_3	0000000415	negative	negative	non_pathogenic	N	-	LM1
215_1	0000000416	negative	pathogenic	unclassified	N	4: Potential Non-secreted Virulence factor	LM1
216_1	0000000417	negative	negative	non_pathogenic	N	-	LM1
216_2	0000000418	negative	pathogenic	unclassified	N	4: Potential Non-secreted Virulence factor	LM1
217_1	0000000419	negative	pathogenic	unclassified	N	4: Potential Non-secreted Virulence factor	LM1
217_2	0000000420	negative	negative	non_pathogenic	Y	-	LM1
218_1	0000000421	negative	pathogenic	unclassified	N	4: Potential Non-secreted Virulence factor	LM1
219_1	0000000422	negative	negative	non_pathogenic	N	-	LM1
219_2	0000000423	pathogenic	pathogenic	pathogenic	N	2: Non-secreted Virulence factor	LM1
220_1	0000000424	negative	negative	non_pathogenic	N	-	LM1
220_2	0000000425	negative	pathogenic	unclassified	N	4: Potential Non-secreted Virulence factor	LM1
221_1	0000000426	negative	pathogenic	unclassified	N	4: Potential Non-secreted Virulence factor	LM1
223_1	0000000427	negative	negative	non_pathogenic	N	-	LM1
224_1	0000000428	negative	negative	non_pathogenic	N	-	LM1
224_2	0000000429	pathogenic	negative	unclassified	N	4: Potential Non-secreted Virulence factor	LM1
224_3	0000000430	negative	pathogenic	unclassified	N	4: Potential Non-secreted Virulence factor	LM1
224_4	0000000431	negative	negative	non_pathogenic	N	-	LM1
224_5	0000000432	pathogenic	negative	unclassified	N	4: Potential Non-secreted Virulence factor	LM1
224_6	0000000433	negative	negative	non_pathogenic	N	-	LM1
225_1	0000000434	negative	negative	non_pathogenic	N	-	LM1
225_2	0000000435	negative	negative	non_pathogenic	N	-	LM1
226_1	0000000436	negative	negative	non_pathogenic	N	-	LM1
226_2	0000000437	negative	negative	non_pathogenic	N	-	LM1
227_1	0000000438	negative	pathogenic	unclassified	N	4: Potential Non-secreted Virulence factor	LM1
227_2	0000000439	negative	negative	non_pathogenic	N	-	LM1
228_1	0000000440	negative	negative	non_pathogenic	N	-	LM1
228_2	0000000441	negative	negative	non_pathogenic	N	-	LM1
228_3	0000000442	pathogenic	pathogenic	pathogenic	N	2: Non-secreted Virulence factor	LM1
229_1	0000000443	negative	pathogenic	unclassified	N	4: Potential Non-secreted Virulence factor	LM1
229_2	0000000444	negative	pathogenic	unclassified	N	4: Potential Non-secreted Virulence factor	LM1
230_1	0000000445	pathogenic	pathogenic	pathogenic	N	2: Non-secreted Virulence factor	LM1
230_2	0000000446	pathogenic	negative	unclassified	N	4: Potential Non-secreted Virulence factor	LM1
231_1	0000000447	negative	pathogenic	unclassified	N	4: Potential Non-secreted Virulence factor	LM1
231_2	0000000448	negative	negative	non_pathogenic	N	-	LM1
231_3	0000000449	negative	negative	non_pathogenic	N	-	LM1
232_1	0000000450	negative	negative	non_pathogenic	N	-	LM1
234_1	0000000451	negative	negative	non_pathogenic	N	-	LM1
234_2	0000000452	pathogenic	pathogenic	pathogenic	N	2: Non-secreted Virulence factor	LM1
234_3	0000000453	negative	negative	non_pathogenic	N	-	LM1
235_1	0000000454	negative	negative	non_pathogenic	N	-	LM1
235_2	0000000455	negative	negative	non_pathogenic	N	-	LM1
235_3	0000000456	negative	negative	non_pathogenic	N	-	LM1
236_1	0000000457	negative	pathogenic	unclassified	N	4: Potential Non-secreted Virulence factor	LM1
237_1	0000000458	negative	negative	non_pathogenic	N	-	LM1
237_2	0000000459	negative	negative	non_pathogenic	N	-	LM1
237_3	0000000460	pathogenic	negative	unclassified	N	4: Potential Non-secreted Virulence factor	LM1
238_1	0000000461	negative	negative	non_pathogenic	N	-	LM1
238_2	0000000462	negative	pathogenic	unclassified	N	4: Potential Non-secreted Virulence factor	LM1
239_1	0000000463	negative	pathogenic	unclassified	N	4: Potential Non-secreted Virulence factor	LM1
239_2	0000000464	negative	negative	non_pathogenic	N	-	LM1
239_3	0000000465	negative	negative	non_pathogenic	N	-	LM1
240_1	0000000466	negative	negative	non_pathogenic	N	-	LM1
241_1	0000000467	pathogenic	negative	unclassified	N	4: Potential Non-secreted Virulence factor	LM1
242_1	0000000468	negative	negative	non_pathogenic	N	-	LM1
242_2	0000000469	pathogenic	pathogenic	pathogenic	N	2: Non-secreted Virulence factor	LM1
242_3	0000000470	negative	pathogenic	unclassified	N	4: Potential Non-secreted Virulence factor	LM1
243_1	0000000471	negative	negative	non_pathogenic	N	-	LM1
243_2	0000000472	negative	pathogenic	unclassified	N	4: Potential Non-secreted Virulence factor	LM1
244_1	0000000473	negative	pathogenic	unclassified	N	4: Potential Non-secreted Virulence factor	LM1
245_1	0000000474	negative	negative	non_pathogenic	N	-	LM1
245_2	0000000475	negative	pathogenic	unclassified	N	4: Potential Non-secreted Virulence factor	LM1
246_1	0000000476	negative	pathogenic	unclassified	N	4: Potential Non-secreted Virulence factor	LM1
246_2	0000000477	negative	negative	non_pathogenic	N	-	LM1
247_1	0000000478	pathogenic	pathogenic	pathogenic	N	2: Non-secreted Virulence factor	LM1
248_1	0000000479	negative	negative	non_pathogenic	N	-	LM1
248_2	0000000480	pathogenic	negative	unclassified	N	4: Potential Non-secreted Virulence factor	LM1
249_1	0000000481	negative	pathogenic	unclassified	N	4: Potential Non-secreted Virulence factor	LM1
249_2	0000000482	pathogenic	pathogenic	pathogenic	N	2: Non-secreted Virulence factor	LM1
250_1	0000000483	negative	negative	non_pathogenic	N	-	LM1
250_2	0000000484	negative	pathogenic	unclassified	N	4: Potential Non-secreted Virulence factor	LM1
250_3	0000000485	negative	negative	non_pathogenic	N	-	LM1
251_1	0000000486	negative	negative	non_pathogenic	N	-	LM1
251_2	0000000487	pathogenic	pathogenic	pathogenic	N	2: Non-secreted Virulence factor	LM1
252_1	0000000488	pathogenic	negative	unclassified	N	4: Potential Non-secreted Virulence factor	LM1
253_1	0000000489	negative	negative	non_pathogenic	N	-	LM1
253_2	0000000490	pathogenic	pathogenic	pathogenic	N	2: Non-secreted Virulence factor	LM1
253_3	0000000491	negative	pathogenic	unclassified	N	4: Potential Non-secreted Virulence factor	LM1
254_1	0000000492	negative	negative	non_pathogenic	N	-	LM1
254_2	0000000493	negative	pathogenic	unclassified	N	4: Potential Non-secreted Virulence factor	LM1
255_1	0000000494	negative	negative	non_pathogenic	N	-	LM1
255_2	0000000495	negative	negative	non_pathogenic	N	-	LM1
255_3	0000000496	negative	negative	non_pathogenic	N	-	LM1
255_4	0000000497	negative	pathogenic	unclassified	N	4: Potential Non-secreted Virulence factor	LM1
256_1	0000000498	negative	negative	non_pathogenic	N	-	LM1
256_2	0000000499	negative	pathogenic	unclassified	N	4: Potential Non-secreted Virulence factor	LM1
257_1	0000000500	pathogenic	pathogenic	pathogenic	N	2: Non-secreted Virulence factor	LM1
257_2	0000000501	pathogenic	pathogenic	pathogenic	N	2: Non-secreted Virulence factor	LM1
257_3	0000000502	negative	pathogenic	unclassified	N	4: Potential Non-secreted Virulence factor	LM1
258_1	0000000503	pathogenic	negative	unclassified	N	4: Potential Non-secreted Virulence factor	LM1
259_1	0000000504	negative	negative	non_pathogenic	N	-	LM1
259_2	0000000505	negative	negative	non_pathogenic	N	-	LM1
260_1	0000000506	pathogenic	pathogenic	pathogenic	N	2: Non-secreted Virulence factor	LM1
261_1	0000000507	pathogenic	pathogenic	pathogenic	N	2: Non-secreted Virulence factor	LM1
261_2	0000000508	negative	negative	non_pathogenic	N	-	LM1
262_1	0000000509	negative	negative	non_pathogenic	N	-	LM1
262_2	0000000510	negative	negative	non_pathogenic	N	-	LM1
264_1	0000000511	negative	negative	non_pathogenic	N	-	LM1
265_1	0000000512	pathogenic	pathogenic	pathogenic	N	2: Non-secreted Virulence factor	LM1
266_1	0000000513	pathogenic	negative	unclassified	N	4: Potential Non-secreted Virulence factor	LM1
266_2	0000000514	negative	pathogenic	unclassified	N	4: Potential Non-secreted Virulence factor	LM1
267_1	0000000515	negative	pathogenic	unclassified	N	4: Potential Non-secreted Virulence factor	LM1
267_2	0000000516	pathogenic	pathogenic	pathogenic	N	2: Non-secreted Virulence factor	LM1
268_1	0000000517	negative	negative	non_pathogenic	N	-	LM1
268_2	0000000518	negative	negative	non_pathogenic	N	-	LM1
268_3	0000000519	negative	negative	non_pathogenic	N	-	LM1
269_1	0000000520	negative	pathogenic	unclassified	N	4: Potential Non-secreted Virulence factor	LM1
270_1	0000000521	negative	pathogenic	unclassified	N	4: Potential Non-secreted Virulence factor	LM1
271_1	0000000522	negative	negative	non_pathogenic	N	-	LM1
271_2	0000000523	negative	negative	non_pathogenic	N	-	LM1
271_3	0000000524	negative	negative	non_pathogenic	N	-	LM1
272_1	0000000525	negative	pathogenic	unclassified	N	4: Potential Non-secreted Virulence factor	LM1
273_1	0000000526	pathogenic	pathogenic	pathogenic	N	2: Non-secreted Virulence factor	LM1
273_2	0000000527	negative	negative	non_pathogenic	N	-	LM1
273_3	0000000528	negative	pathogenic	unclassified	N	4: Potential Non-secreted Virulence factor	LM1
274_1	0000000529	negative	negative	non_pathogenic	N	-	LM1
274_2	0000000530	negative	negative	non_pathogenic	N	-	LM1
274_3	0000000531	negative	negative	non_pathogenic	N	-	LM1
274_4	0000000532	negative	negative	non_pathogenic	N	-	LM1
274_5	0000000533	negative	negative	non_pathogenic	N	-	LM1
275_1	0000000534	negative	pathogenic	unclassified	N	4: Potential Non-secreted Virulence factor	LM1
276_1	0000000535	negative	pathogenic	unclassified	N	4: Potential Non-secreted Virulence factor	LM1
276_2	0000000536	pathogenic	negative	unclassified	N	4: Potential Non-secreted Virulence factor	LM1
277_1	0000000537	negative	negative	non_pathogenic	N	-	LM1
278_1	0000000538	negative	negative	non_pathogenic	N	-	LM1
278_2	0000000539	negative	negative	non_pathogenic	N	-	LM1
278_3	0000000540	negative	negative	non_pathogenic	N	-	LM1
279_1	0000000541	pathogenic	negative	unclassified	N	4: Potential Non-secreted Virulence factor	LM1
279_2	0000000542	negative	negative	non_pathogenic	N	-	LM1
279_3	0000000543	negative	negative	non_pathogenic	N	-	LM1
279_4	0000000544	negative	negative	non_pathogenic	N	-	LM1
279_5	0000000545	negative	negative	non_pathogenic	N	-	LM1
279_6	0000000546	negative	negative	non_pathogenic	N	-	LM1
280_1	0000000547	pathogenic	pathogenic	pathogenic	N	2: Non-secreted Virulence factor	LM1
280_2	0000000548	pathogenic	negative	unclassified	N	4: Potential Non-secreted Virulence factor	LM1
281_1	0000000549	negative	negative	non_pathogenic	N	-	LM1
281_2	0000000550	negative	negative	non_pathogenic	N	-	LM1
282_1	0000000551	negative	negative	non_pathogenic	N	-	LM1
282_2	0000000552	negative	pathogenic	unclassified	N	4: Potential Non-secreted Virulence factor	LM1
283_1	0000000553	negative	negative	non_pathogenic	N	-	LM1
283_2	0000000554	negative	negative	non_pathogenic	N	-	LM1
283_3	0000000555	negative	negative	non_pathogenic	N	-	LM1
283_4	0000000556	pathogenic	negative	unclassified	N	4: Potential Non-secreted Virulence factor	LM1
284_1	0000000557	negative	pathogenic	unclassified	N	4: Potential Non-secreted Virulence factor	LM1
284_2	0000000558	negative	pathogenic	unclassified	N	4: Potential Non-secreted Virulence factor	LM1
284_3	0000000559	negative	negative	non_pathogenic	N	-	LM1
285_1	0000000560	pathogenic	negative	unclassified	N	4: Potential Non-secreted Virulence factor	LM1
286_1	0000000561	pathogenic	pathogenic	pathogenic	N	2: Non-secreted Virulence factor	LM1
287_1	0000000562	pathogenic	pathogenic	pathogenic	N	2: Non-secreted Virulence factor	LM1
287_2	0000000563	negative	negative	non_pathogenic	N	-	LM1
289_1	0000000564	negative	pathogenic	unclassified	N	4: Potential Non-secreted Virulence factor	LM1
290_1	0000000565	negative	pathogenic	unclassified	N	4: Potential Non-secreted Virulence factor	LM1
290_2	0000000566	negative	negative	non_pathogenic	N	-	LM1
291_1	0000000567	pathogenic	pathogenic	pathogenic	N	2: Non-secreted Virulence factor	LM1
292_1	0000000568	pathogenic	pathogenic	pathogenic	N	2: Non-secreted Virulence factor	LM1
292_2	0000000569	pathogenic	pathogenic	pathogenic	N	2: Non-secreted Virulence factor	LM1
294_1	0000000570	pathogenic	pathogenic	pathogenic	N	2: Non-secreted Virulence factor	LM1
294_2	0000000571	pathogenic	negative	unclassified	N	4: Potential Non-secreted Virulence factor	LM1
295_1	0000000572	negative	pathogenic	unclassified	N	4: Potential Non-secreted Virulence factor	LM1
296_1	0000000573	negative	pathogenic	unclassified	N	4: Potential Non-secreted Virulence factor	LM1
296_2	0000000574	negative	pathogenic	unclassified	N	4: Potential Non-secreted Virulence factor	LM1
297_1	0000000575	negative	negative	non_pathogenic	N	-	LM1
298_1	0000000576	negative	pathogenic	unclassified	N	4: Potential Non-secreted Virulence factor	LM1
298_2	0000000577	negative	pathogenic	unclassified	Y	3: Potential Secreted Virulence factor	LM1
299_1	0000000578	pathogenic	pathogenic	pathogenic	N	2: Non-secreted Virulence factor	LM1
300_1	0000000579	pathogenic	pathogenic	pathogenic	N	2: Non-secreted Virulence factor	LM1
300_2	0000000580	negative	negative	non_pathogenic	N	-	LM1
301_1	0000000581	negative	negative	non_pathogenic	N	-	LM1
301_2	0000000582	negative	negative	non_pathogenic	N	-	LM1
303_1	0000000583	pathogenic	negative	unclassified	N	4: Potential Non-secreted Virulence factor	LM1
304_1	0000000584	negative	pathogenic	unclassified	N	4: Potential Non-secreted Virulence factor	LM1
305_1	0000000585	negative	pathogenic	unclassified	N	4: Potential Non-secreted Virulence factor	LM1
306_1	0000000586	negative	pathogenic	unclassified	N	4: Potential Non-secreted Virulence factor	LM1
307_1	0000000587	negative	negative	non_pathogenic	N	-	LM1
307_2	0000000588	pathogenic	pathogenic	pathogenic	N	2: Non-secreted Virulence factor	LM1
308_1	0000000589	negative	pathogenic	unclassified	N	4: Potential Non-secreted Virulence factor	LM1
309_1	0000000590	negative	pathogenic	unclassified	N	4: Potential Non-secreted Virulence factor	LM1
310_1	0000000591	negative	negative	non_pathogenic	N	-	LM1
310_2	0000000592	negative	pathogenic	unclassified	N	4: Potential Non-secreted Virulence factor	LM1
311_1	0000000593	negative	negative	non_pathogenic	N	-	LM1
311_2	0000000594	negative	pathogenic	unclassified	N	4: Potential Non-secreted Virulence factor	LM1
312_1	0000000595	negative	negative	non_pathogenic	N	-	LM1
313_1	0000000596	negative	negative	non_pathogenic	N	-	LM1
313_2	0000000597	negative	negative	non_pathogenic	N	-	LM1
313_3	0000000598	negative	negative	non_pathogenic	N	-	LM1
313_4	0000000599	negative	pathogenic	unclassified	N	4: Potential Non-secreted Virulence factor	LM1
315_1	0000000600	pathogenic	pathogenic	pathogenic	N	2: Non-secreted Virulence factor	LM1
316_1	0000000601	negative	pathogenic	unclassified	N	4: Potential Non-secreted Virulence factor	LM1
317_1	0000000602	negative	pathogenic	unclassified	N	4: Potential Non-secreted Virulence factor	LM1
318_1	0000000603	pathogenic	pathogenic	pathogenic	N	2: Non-secreted Virulence factor	LM1
319_1	0000000604	negative	negative	non_pathogenic	N	-	LM1
320_1	0000000605	negative	pathogenic	unclassified	N	4: Potential Non-secreted Virulence factor	LM1
320_2	0000000606	negative	negative	non_pathogenic	N	-	LM1
321_1	0000000607	negative	negative	non_pathogenic	N	-	LM1
321_2	0000000608	negative	negative	non_pathogenic	N	-	LM1
322_1	0000000609	pathogenic	negative	unclassified	N	4: Potential Non-secreted Virulence factor	LM1
322_2	0000000610	pathogenic	negative	unclassified	N	4: Potential Non-secreted Virulence factor	LM1
322_3	0000000611	negative	pathogenic	unclassified	N	4: Potential Non-secreted Virulence factor	LM1
323_1	0000000612	negative	negative	non_pathogenic	Y	-	LM1
323_2	0000000613	negative	negative	non_pathogenic	Y	-	LM1
325_1	0000000614	negative	pathogenic	unclassified	N	4: Potential Non-secreted Virulence factor	LM1
325_2	0000000615	pathogenic	pathogenic	pathogenic	N	2: Non-secreted Virulence factor	LM1
325_3	0000000616	negative	negative	non_pathogenic	N	-	LM1
326_1	0000000617	negative	pathogenic	unclassified	N	4: Potential Non-secreted Virulence factor	LM1
327_1	0000000618	negative	negative	non_pathogenic	N	-	LM1
327_2	0000000619	negative	pathogenic	unclassified	N	4: Potential Non-secreted Virulence factor	LM1
328_1	0000000620	negative	pathogenic	unclassified	N	4: Potential Non-secreted Virulence factor	LM1
328_2	0000000621	negative	negative	non_pathogenic	N	-	LM1
329_1	0000000622	pathogenic	negative	unclassified	N	4: Potential Non-secreted Virulence factor	LM1
330_1	0000000623	negative	negative	non_pathogenic	N	-	LM1
330_2	0000000624	negative	negative	non_pathogenic	N	-	LM1
330_3	0000000625	negative	negative	non_pathogenic	N	-	LM1
330_4	0000000626	negative	negative	non_pathogenic	N	-	LM1
331_1	0000000627	negative	pathogenic	unclassified	N	4: Potential Non-secreted Virulence factor	LM1
332_1	0000000628	pathogenic	pathogenic	pathogenic	N	2: Non-secreted Virulence factor	LM1
333_1	0000000629	negative	negative	non_pathogenic	N	-	LM1
333_2	0000000630	negative	negative	non_pathogenic	N	-	LM1
334_1	0000000631	negative	pathogenic	unclassified	N	4: Potential Non-secreted Virulence factor	LM1
335_1	0000000632	pathogenic	pathogenic	pathogenic	N	2: Non-secreted Virulence factor	LM1
336_1	0000000633	negative	negative	non_pathogenic	N	-	LM1
337_1	0000000634	negative	pathogenic	unclassified	N	4: Potential Non-secreted Virulence factor	LM1
337_2	0000000635	pathogenic	pathogenic	pathogenic	N	2: Non-secreted Virulence factor	LM1
338_1	0000000636	negative	negative	non_pathogenic	N	-	LM1
338_2	0000000637	pathogenic	pathogenic	pathogenic	N	2: Non-secreted Virulence factor	LM1
338_3	0000000638	negative	pathogenic	unclassified	N	4: Potential Non-secreted Virulence factor	LM1
339_1	0000000639	pathogenic	pathogenic	pathogenic	N	2: Non-secreted Virulence factor	LM1
340_1	0000000640	negative	negative	non_pathogenic	N	-	LM1
340_2	0000000641	negative	negative	non_pathogenic	N	-	LM1
340_3	0000000642	negative	negative	non_pathogenic	N	-	LM1
340_4	0000000643	negative	negative	non_pathogenic	N	-	LM1
341_1	0000000644	negative	negative	non_pathogenic	N	-	LM1
341_2	0000000645	pathogenic	negative	unclassified	N	4: Potential Non-secreted Virulence factor	LM1
342_1	0000000646	negative	pathogenic	unclassified	N	4: Potential Non-secreted Virulence factor	LM1
343_1	0000000647	negative	pathogenic	unclassified	N	4: Potential Non-secreted Virulence factor	LM1
344_1	0000000648	negative	negative	non_pathogenic	N	-	LM1
345_1	0000000649	negative	negative	non_pathogenic	N	-	LM1
345_2	0000000650	negative	negative	non_pathogenic	N	-	LM1
345_3	0000000651	negative	negative	non_pathogenic	N	-	LM1
345_4	0000000652	pathogenic	negative	unclassified	N	4: Potential Non-secreted Virulence factor	LM1
346_1	0000000653	negative	pathogenic	unclassified	N	4: Potential Non-secreted Virulence factor	LM1
346_2	0000000654	negative	negative	non_pathogenic	N	-	LM1
347_1	0000000655	negative	negative	non_pathogenic	N	-	LM1
347_2	0000000656	pathogenic	pathogenic	pathogenic	N	2: Non-secreted Virulence factor	LM1
348_1	0000000657	negative	negative	non_pathogenic	N	-	LM1
349_1	0000000658	negative	pathogenic	unclassified	N	4: Potential Non-secreted Virulence factor	LM1
349_2	0000000659	pathogenic	pathogenic	pathogenic	N	2: Non-secreted Virulence factor	LM1
349_3	0000000660	negative	pathogenic	unclassified	N	4: Potential Non-secreted Virulence factor	LM1
349_4	0000000661	negative	negative	non_pathogenic	N	-	LM1
350_1	0000000662	negative	negative	non_pathogenic	N	-	LM1
350_2	0000000663	pathogenic	negative	unclassified	N	4: Potential Non-secreted Virulence factor	LM1
350_3	0000000664	pathogenic	negative	unclassified	N	4: Potential Non-secreted Virulence factor	LM1
351_1	0000000665	negative	negative	non_pathogenic	N	-	LM1
351_2	0000000666	negative	pathogenic	unclassified	N	4: Potential Non-secreted Virulence factor	LM1
352_1	0000000667	negative	pathogenic	unclassified	N	4: Potential Non-secreted Virulence factor	LM1
352_2	0000000668	negative	pathogenic	unclassified	N	4: Potential Non-secreted Virulence factor	LM1
353_1	0000000669	negative	negative	non_pathogenic	N	-	LM1
353_2	0000000670	negative	negative	non_pathogenic	N	-	LM1
354_1	0000000671	negative	negative	non_pathogenic	N	-	LM1
354_2	0000000672	pathogenic	pathogenic	pathogenic	N	2: Non-secreted Virulence factor	LM1
355_1	0000000673	pathogenic	negative	unclassified	N	4: Potential Non-secreted Virulence factor	LM1
355_2	0000000674	negative	pathogenic	unclassified	N	4: Potential Non-secreted Virulence factor	LM1
355_3	0000000675	negative	negative	non_pathogenic	N	-	LM1
356_1	0000000676	negative	negative	non_pathogenic	N	-	LM1
357_1	0000000677	negative	pathogenic	unclassified	N	4: Potential Non-secreted Virulence factor	LM1
358_1	0000000678	negative	negative	non_pathogenic	N	-	LM1
358_2	0000000679	negative	negative	non_pathogenic	N	-	LM1
359_1	0000000680	negative	pathogenic	unclassified	N	4: Potential Non-secreted Virulence factor	LM1
359_2	0000000681	negative	negative	non_pathogenic	N	-	LM1
360_1	0000000682	negative	negative	non_pathogenic	N	-	LM1
360_2	0000000683	negative	negative	non_pathogenic	N	-	LM1
361_1	0000000684	negative	pathogenic	unclassified	N	4: Potential Non-secreted Virulence factor	LM1
361_2	0000000685	negative	negative	non_pathogenic	N	-	LM1
361_3	0000000686	negative	negative	non_pathogenic	N	-	LM1
361_4	0000000687	negative	pathogenic	unclassified	N	4: Potential Non-secreted Virulence factor	LM1
362_1	0000000688	negative	negative	non_pathogenic	N	-	LM1
362_2	0000000689	negative	pathogenic	unclassified	N	4: Potential Non-secreted Virulence factor	LM1
363_1	0000000690	negative	negative	non_pathogenic	N	-	LM1
364_1	0000000691	negative	pathogenic	unclassified	N	4: Potential Non-secreted Virulence factor	LM1
364_2	0000000692	negative	pathogenic	unclassified	N	4: Potential Non-secreted Virulence factor	LM1
365_1	0000000693	negative	negative	non_pathogenic	N	-	LM1
365_2	0000000694	pathogenic	pathogenic	pathogenic	N	2: Non-secreted Virulence factor	LM1
366_1	0000000695	negative	negative	non_pathogenic	N	-	LM1
366_2	0000000696	negative	pathogenic	unclassified	N	4: Potential Non-secreted Virulence factor	LM1
366_3	0000000697	negative	negative	non_pathogenic	N	-	LM1
366_4	0000000698	pathogenic	negative	unclassified	N	4: Potential Non-secreted Virulence factor	LM1
367_1	0000000699	negative	negative	non_pathogenic	N	-	LM1
367_2	0000000700	negative	pathogenic	unclassified	N	4: Potential Non-secreted Virulence factor	LM1
367_3	0000000701	pathogenic	pathogenic	pathogenic	N	2: Non-secreted Virulence factor	LM1
368_1	0000000702	negative	negative	non_pathogenic	N	-	LM1
369_1	0000000703	negative	pathogenic	unclassified	N	4: Potential Non-secreted Virulence factor	LM1
370_1	0000000704	pathogenic	pathogenic	pathogenic	N	2: Non-secreted Virulence factor	LM1
371_1	0000000705	negative	negative	non_pathogenic	N	-	LM1
371_2	0000000706	negative	negative	non_pathogenic	N	-	LM1
